model,n_epochs,best_loss,epoch_to_best_1pct,test_f1,test_accuracy
LR-Newton,8,0.38309879722193024,4,0.5452609158679446,0.8220833333333334
LR-GD,300,0.38800501240031493,210,0.5356371490280777,0.8208333333333333
L2-LR,300,0.3880051474844493,210,0.5356371490280777,0.8208333333333333
L1-LR,300,0.38802960284713733,210,0.5356371490280777,0.8208333333333333
Probit,300,0.3892895182118451,218,0.5256270447110142,0.81875
