noise_sigma,model,f1
0.1,GNB,0.4055980425223457
0.1,L2-LR,0.5292363486499129
0.1,LDA,0.5030808208781793
0.1,LR-Newton,0.5404230888942638
0.5,GNB,0.4051182718430887
0.5,L2-LR,0.5124312029425834
0.5,LDA,0.48524718083735763
0.5,LR-Newton,0.5304263640204665
1.0,GNB,0.40444668261362204
1.0,L2-LR,0.48923637141797044
1.0,LDA,0.4588598334939974
1.0,LR-Newton,0.510094662786609
